"Exp1","Exp2","Exp3","Exp4"
"3.596218E7","5.009253E7","5.095377E7","8.068085E7"
