"Exp1","Exp2","Exp3","Exp3"
"1.1508164E8","8.651662E7","1.753991E7","9820900.0"
"9004950.0","1.052753E7","8238800.0","9010850.0"
"Exp1","Exp2","Exp3","Exp3"
"1.0273937E8","4.918919E7","2.331787E7","9332730.0"
"9741810.0","9252800.0","8713110.0","9127030.0"
