"Exp1","Exp2","Exp3","Exp3"
"1.090874501E8","1.011429799E8","6.650815E7","8.18593601E7"
"Exp1","Exp2","Exp3","Exp3"
"1.1508164E8","8.651662E7","1.753991E7","9820900.0"
"Exp1","Exp2","Exp3","Exp3"
"1.0273937E8","4.918919E7","2.331787E7","9332730.0"
"Exp1","Exp2","Exp3","Exp3"
"1.0226326E8","5.006075E7","2.183492E7","1.072722E7"
"Exp1","Exp2","Exp3","Exp3"
"1.0612107E8","5.250112E7","2.102334E7","1.009461E7"
"Exp1","Exp2","Exp3","Exp3"
"1.0101055E8","5.883045E7","2.165843E7","9987450.0"
