"Exp1","Exp2","Exp3","Exp4"
"1.4212102E9","2.44066182E9","2.26388915E9","5.13969796E9"
