"Exp1","Exp2","Exp3","Exp4"
"1.5763475E8","2.99414E8","3.2139722E8","2.1758947E8"
