"TransaCount","Exp1","Exp2","Exp3","Exp4"
"1000","3.596218E7","5.009253E7","5.095377E7","8.068085E7"
"10000","1.5763475E8","2.99414E8","3.2139722E8","2.1758947E8"
"100000","1.4212102E9","2.44066182E9","2.26388915E9","5.13969796E9"
